metric,value
R2,0.09353566339629149
RMSE,0.031905059960246264
MAE,0.025579213797176825
Sample_Size,1081.0
