parameter,coefficient
intercept,0.07720875666790011
J_week,-0.018681552285519806
K_BMI,0.018007636698189854
C_age,-0.004015705975343253
L_reads,-0.0035156824922811473
M_mapped,-0.001763836600021224
N_dup,0.0027061390951502815
P_GC,-0.0005444793469587036
AA_filtered,0.0021468523206148796
J_K_interact,0.013042018173979304
J_week_sq,0.01183512602926574
K_BMI_sq,-0.02854733803792091
